id,name
0,Dendrocygna javanica
1,Anser indicus
2,Anser anser
3,Anser cygnoides
4,Anser albifrons
5,Sarkidiornis melanotos
6,Tadorna ferruginea
7,Tadorna tadorna
8,Nettapus coromandelianus
9,Aix galericulata
10,Sibirionetta formosa
11,Spatula querquedula
12,Spatula clypeata
13,Mareca strepera
14,Mareca falcata
15,Mareca penelope
16,Anas poecilorhyncha
17,Anas zonorhyncha
18,Anas platyrhynchos
19,Anas acuta
20,Anas crecca
21,Asarcornis scutulata
22,Netta rufina
23,Aythya ferina
24,Aythya nyroca
25,Aythya baeri
26,Aythya fuligula
27,Aythya marila
28,Clangula hyemalis
29,Mergus squamatus
30,Caloperdix oculeus
31,Rollulus rouloul
32,Arborophila rufogularis
33,Arborophila campbelli
34,Arborophila brunneopectus
35,Arborophila cambodiana
36,Arborophila chloropus
37,Arborophila charltonii
38,Rhizothera longirostris
39,Argusianus argus
40,Pavo muticus
41,Polyplectron malacense
42,Polyplectron inopinatum
43,Polyplectron bicalcaratum
44,Synoicus chinensis
45,Coturnix japonica
46,Coturnix coturnix
47,Coturnix coromandelica
48,Francolinus pintadeanus
49,Bambusicola fytchii
50,Gallus gallus
51,Syrmaticus humiae
52,Lophura nycthemera
53,Lophura leucomelanos
54,Lophura diardi
55,Lophura ignita
56,Phoenicopterus roseus
57,Tachybaptus ruficollis
58,Podiceps auritus
59,Podiceps cristatus
60,Podiceps nigricollis
61,Columba livia
62,Columba hodgsonii
63,Columba pulchricollis
64,Columba punicea
65,Streptopelia orientalis
66,Streptopelia tranquebarica
67,Streptopelia chinensis
68,Macropygia unchall
69,Macropygia ruficeps
70,Chalcophaps indica
71,Geopelia striata
72,Caloenas nicobarica
73,Treron olax
74,Treron vernans
75,Treron fulvicollis
76,Treron bicinctus
77,Treron phayrei
78,Treron curvirostra
79,Treron capellei
80,Treron phoenicopterus
81,Treron seimundi
82,Treron apicauda
83,Treron sphenurus
84,Treron sieboldii
85,Ptilinopus jambu
86,Ducula aenea
87,Ducula badia
88,Ducula bicolor
89,Carpococcyx renauldi
90,Centropus rectunguis
91,Centropus sinensis
92,Centropus bengalensis
93,Rhinortha chlorophaea
94,Zanclostomus javanicus
95,Phaenicophaeus curvirostris
96,Phaenicophaeus sumatranus
97,Phaenicophaeus diardi
98,Phaenicophaeus tristis
99,Clamator coromandus
100,Clamator jacobinus
101,Eudynamys scolopaceus
102,Chrysococcyx maculatus
103,Chrysococcyx xanthorhynchus
104,Chrysococcyx minutillus
105,Cacomantis sonneratii
106,Cacomantis merulinus
107,Cacomantis variolosus
108,Surniculus dicruroides
109,Surniculus lugubris
110,Hierococcyx vagans
111,Hierococcyx sparverioides
112,Hierococcyx bocki
113,Hierococcyx varius
114,Hierococcyx nisicolor
115,Hierococcyx fugax
116,Cuculus poliocephalus
117,Cuculus micropterus
118,Cuculus saturatus
119,Cuculus lepidus
120,Cuculus canorus
121,Batrachostomus auritus
122,Batrachostomus stellatus
123,Batrachostomus hodgsoni
124,Batrachostomus affinis
125,Lyncornis temminckii
126,Lyncornis macrotis
127,Caprimulgus jotaka
128,Caprimulgus macrurus
129,Caprimulgus asiaticus
130,Caprimulgus affinis
131,Rhaphidura leucopygialis
132,Hirundapus caudacutus
133,Hirundapus cochinchinensis
134,Hirundapus giganteus
135,Collocalia affinis
136,Aerodramus brevirostris
137,Aerodramus maximus
138,Aerodramus fuciphagus
139,Aerodramus germani
140,Apus apus
141,Apus pacificus
142,Apus cooki
143,Apus acuticauda
144,Apus nipalensis
145,Cypsiurus balasiensis
146,Hemiprocne coronata
147,Hemiprocne longipennis
148,Hemiprocne comata
149,Rallus indicus
150,Lewinia striata
151,Porzana porzana
152,Gallinula chloropus
153,Fulica atra
154,Porphyrio poliocephalus
155,Gallicrex cinerea
156,Amaurornis phoenicurus
157,Amaurornis cinerea
158,Rallina fasciata
159,Rallina eurizonoides
160,Zapornia fusca
161,Zapornia paykullii
162,Zapornia pusilla
163,Zapornia bicolor
164,Heliopais personatus
165,Anthropoides virgo
166,Antigone antigone
167,Grus grus
168,Burhinus indicus
169,Esacus recurvirostris
170,Esacus magnirostris
171,Himantopus himantopus
172,Recurvirostra avosetta
173,Haematopus ostralegus
174,Pluvialis squatarola
175,Pluvialis fulva
176,Vanellus vanellus
177,Vanellus duvaucelii
178,Vanellus cinereus
179,Vanellus indicus
180,Charadrius mongolus
181,Charadrius leschenaultii
182,Charadrius peronii
183,Charadrius alexandrinus
184,Charadrius hiaticula
185,Charadrius placidus
186,Charadrius dubius
187,Charadrius veredus
188,Rostratula benghalensis
189,Hydrophasianus chirurgus
190,Metopidius indicus
191,Numenius phaeopus
192,Numenius minutus
193,Numenius madagascariensis
194,Numenius arquata
195,Limosa lapponica
196,Limosa limosa
197,Arenaria interpres
198,Calidris tenuirostris
199,Calidris canutus
200,Calidris pugnax
201,Calidris falcinellus
202,Calidris acuminata
203,Calidris ferruginea
204,Calidris temminckii
205,Calidris subminuta
206,Calidris pygmaea
207,Calidris ruficollis
208,Calidris alba
209,Calidris alpina
210,Calidris minuta
211,Calidris melanotos
212,Limnodromus semipalmatus
213,Limnodromus scolopaceus
214,Lymnocryptes minimus
215,Scolopax rusticola
216,Gallinago nemoricola
217,Gallinago gallinago
218,Gallinago stenura
219,Gallinago megala
220,Xenus cinereus
221,Phalaropus lobatus
222,Phalaropus fulicarius
223,Actitis hypoleucos
224,Tringa ochropus
225,Tringa brevipes
226,Tringa erythropus
227,Tringa nebularia
228,Tringa guttifer
229,Tringa stagnatilis
230,Tringa glareola
231,Tringa totanus
232,Turnix sylvaticus
233,Turnix tanki
234,Turnix suscitator
235,Dromas ardeola
236,Glareola pratincola
237,Glareola maldivarum
238,Glareola lactea
239,Stercorarius pomarinus
240,Stercorarius parasiticus
241,Stercorarius longicaudus
242,Rissa tridactyla
243,Xema sabini
244,Chroicocephalus genei
245,Chroicocephalus ridibundus
246,Chroicocephalus brunnicephalus
247,Hydrocoloeus minutus
248,Ichthyaetus hemprichii
249,Ichthyaetus ichthyaetus
250,Larus crassirostris
251,Larus canus
252,Larus argentatus
253,Larus cachinnans
254,Larus fuscus
255,Larus schistisagus
256,Anous stolidus
257,Onychoprion fuscatus
258,Onychoprion anaethetus
259,Onychoprion aleuticus
260,Sternula albifrons
261,Gelochelidon nilotica
262,Hydroprogne caspia
263,Chlidonias leucopterus
264,Chlidonias hybrida
265,Sterna dougallii
266,Sterna sumatrana
267,Sterna hirundo
268,Sterna paradisaea
269,Sterna acuticauda
270,Sterna aurantia
271,Thalasseus bergii
272,Thalasseus bengalensis
273,Thalasseus bernsteini
274,Rynchops albicollis
275,Phaethon lepturus
276,Phaethon aethereus
277,Phaethon rubricauda
278,Phoebastria immutabilis
279,Oceanodroma monorhis
280,Pterodroma cervicalis
281,Calonectris leucomelas
282,Ardenna pacificus
283,Ardenna tenuirostris
284,Anastomus oscitans
285,Ciconia nigra
286,Ciconia episcopus
287,Ciconia stormi
288,Ciconia ciconia
289,Ciconia boyciana
290,Ephippiorhynchus asiaticus
291,Leptoptilos javanicus
292,Leptoptilos dubius
293,Mycteria cinerea
294,Mycteria leucocephala
295,Fregata ariel
296,Fregata andrewsi
297,Fregata minor
298,Sula dactylatra
299,Sula leucogaster
300,Sula sula
301,Anhinga melanogaster
302,Microcarbo niger
303,Phalacrocorax carbo
304,Phalacrocorax fuscicollis
305,Pelecanus philippensis
306,Botaurus stellaris
307,Ixobrychus sinensis
308,Ixobrychus eurhythmus
309,Ixobrychus cinnamomeus
310,Ixobrychus flavicollis
311,Ardea cinerea
312,Ardea sumatrana
313,Ardea purpurea
314,Ardea alba
315,Ardea intermedia
316,Egretta eulophotes
317,Egretta garzetta
318,Egretta sacra
319,Bubulcus ibis
320,Ardeola grayii
321,Ardeola bacchus
322,Ardeola speciosa
323,Butorides striata
324,Nycticorax nycticorax
325,Gorsachius melanolophus
326,Plegadis falcinellus
327,Threskiornis aethiopicus
328,Threskiornis melanocephalus
329,Pseudibis davisoni
330,Pseudibis gigantea
331,Platalea leucorodia
332,Platalea minor
333,Pandion haliaetus
334,Elanus caeruleus
335,Pernis ptilorhynchus
336,Aviceda jerdoni
337,Aviceda leuphotes
338,Sarcogyps calvus
339,Aegypius monachus
340,Gyps bengalensis
341,Gyps tenuirostris
342,Gyps himalayensis
343,Spilornis cheela
344,Circaetus gallicus
345,Macheiramphus alcinus
346,Nisaetus cirrhatus
347,Nisaetus nipalensis
348,Nisaetus alboniger
349,Nisaetus nanus
350,Lophotriorchis kienerii
351,Ictinaetus malaiensis
352,Clanga hastata
353,Clanga clanga
354,Hieraaetus pennatus
355,Aquila nipalensis
356,Aquila heliaca
357,Aquila fasciata
358,Butastur teesa
359,Butastur liventer
360,Butastur indicus
361,Circus aeruginosus
362,Circus spilonotus
363,Circus cyaneus
364,Circus macrourus
365,Circus melanoleucos
366,Accipiter trivirgatus
367,Accipiter badius
368,Accipiter soloensis
369,Accipiter gularis
370,Accipiter virgatus
371,Accipiter nisus
372,Accipiter gentilis
373,Milvus migrans
374,Haliastur indus
375,Haliaeetus albicilla
376,Haliaeetus leucoryphus
377,Haliaeetus leucogaster
378,Ichthyophaga humilis
379,Ichthyophaga ichthyaetus
380,Buteo buteo
381,Buteo refectus
382,Buteo japonicus
383,Buteo rufinus
384,Tyto longimembris
385,Tyto alba
386,Phodilus badius
387,Otus sagittatus
388,Otus rufescens
389,Otus spilocephalus
390,Otus lettia
391,Otus lempiji
392,Otus sunia
393,Bubo nipalensis
394,Bubo sumatranus
395,Bubo coromandus
396,Ketupa zeylonensis
397,Ketupa ketupu
398,Glaucidium brodiei
399,Glaucidium cuculoides
400,Athene brama
401,Strix seloputo
402,Strix leptogrammica
403,Asio flammeus
404,Ninox scutulata
405,Ninox japonica
406,Harpactes kasumba
407,Harpactes diardii
408,Harpactes orrhophaeus
409,Harpactes duvaucelii
410,Harpactes erythrocephalus
411,Harpactes oreskios
412,Upupa epops
413,Berenicornis comatus
414,Buceros vigil
415,Buceros rhinoceros
416,Buceros bicornis
417,Anorrhinus galeritus
418,Anorrhinus austeni
419,Anorrhinus tickelli
420,Anthracoceros malayanus
421,Anthracoceros albirostris
422,Aceros nipalensis
423,Rhyticeros undulatus
424,Rhyticeros subruficollis
425,Rhabdotorrhinus corrugatus
426,Alcedo hercules
427,Alcedo atthis
428,Alcedo meninting
429,Alcedo euryzona
430,Ceyx erithaca
431,Ceyx rufidorsa
432,Lacedo pulchella
433,Pelargopsis amauroptera
434,Pelargopsis capensis
435,Halcyon coromanda
436,Halcyon smyrnensis
437,Halcyon pileata
438,Todiramphus sanctus
439,Todiramphus chloris
440,Actenoides concretus
441,Megaceryle lugubris
442,Ceryle rudis
443,Nyctyornis amictus
444,Nyctyornis athertoni
445,Merops orientalis
446,Merops viridis
447,Merops philippinus
448,Merops leschenaulti
449,Coracias affinis
450,Eurystomus orientalis
451,Caloramphus hayii
452,Psilopogon haemacephalus
453,Psilopogon duvaucelii
454,Psilopogon pyrolophus
455,Psilopogon virens
456,Psilopogon rafflesii
457,Psilopogon mystacophanos
458,Psilopogon henricii
459,Psilopogon faiostrictus
460,Psilopogon lineatus
461,Psilopogon franklinii
462,Psilopogon auricularis
463,Psilopogon chrysopogon
464,Psilopogon incognitus
465,Psilopogon asiaticus
466,Psilopogon chersonesus
467,Indicator archipelagicus
468,Jynx torquilla
469,Picumnus innominatus
470,Sasia abnormis
471,Sasia ochracea
472,Hemicircus concretus
473,Hemicircus canente
474,Yungipicus moluccensis
475,Yungipicus canicapillus
476,Leiopicus mahrattensis
477,Dendrocopos hyperythrus
478,Dendrocopos analis
479,Dendrocopos atratus
480,Dryobates cathpharius
481,Blythipicus rubiginosus
482,Blythipicus pyrrhotis
483,Reinwardtipicus validus
484,Chrysocolaptes guttacristatus
485,Micropternus brachyurus
486,Meiglyptes tukki
487,Meiglyptes tristis
488,Meiglyptes jugularis
489,Gecinulus grantia
490,Gecinulus viridis
491,Dinopium rafflesii
492,Dinopium javanense
493,Picus chlorolophus
494,Picus puniceus
495,Picus xanthopygaeus
496,Picus viridanus
497,Picus vittatus
498,Picus canus
499,Picus erythropygius
500,Chrysophlegma miniaceum
501,Chrysophlegma flavinucha
502,Chrysophlegma mentale
503,Mulleripicus pulverulentus
504,Dryocopus javensis
505,Polihierax insignis
506,Microhierax caerulescens
507,Microhierax fringillarius
508,Falco tinnunculus
509,Falco amurensis
510,Falco columbarius
511,Falco subbuteo
512,Falco severus
513,Falco peregrinus
514,Psittinus cyanurus
515,Psittacula eupatria
516,Psittacula krameri
517,Psittacula finschii
518,Psittacula roseata
519,Psittacula alexandri
520,Loriculus vernalis
521,Loriculus galgulus
522,Calyptomena viridis
523,Cymbirhynchus macrorhynchos
524,Psarisomus dalhousiae
525,Serilophus lunatus
526,Eurylaimus javanicus
527,Eurylaimus ochromalus
528,Corydon sumatranus
529,Erythropitta granatina
530,Hydrornis phayrei
531,Hydrornis oatesi
532,Hydrornis nipalensis
533,Hydrornis soror
534,Hydrornis caeruleus
535,Hydrornis irena
536,Hydrornis cyaneus
537,Hydrornis elliotii
538,Hydrornis gurneyi
539,Pitta moluccensis
540,Pitta nympha
541,Pitta sordida
542,Pitta megarhyncha
543,Gerygone sulphurea
544,Pericrocotus igneus
545,Pericrocotus cinnamomeus
546,Pericrocotus solaris
547,Pericrocotus brevirostris
548,Pericrocotus ethologus
549,Pericrocotus speciosus
550,Pericrocotus divaricatus
551,Pericrocotus cantonensis
552,Pericrocotus roseus
553,Coracina macei
554,Coracina striata
555,Coracina javensis
556,Lalage nigra
557,Lalage melaschistos
558,Lalage fimbriata
559,Lalaga polioptera
560,Pteruthius aeralatus
561,Pteruthius melanotis
562,Pteruthius intermedius
563,Erpornis zantholeuca
564,Pachycephala cinerea
565,Oriolus xanthonotus
566,Oriolus chinensis
567,Oriolus tenuirostris
568,Oriolus xanthornus
569,Oriolus cruentus
570,Oriolus traillii
571,Oriolus mellianus
572,Artamus fuscus
573,Artamus leucorynchus
574,Tephrodornis virgatus
575,Tephrodornis pondicerianus
576,Hemipus picatus
577,Hemipus hirundinaceus
578,Philentoma pyrhoptera
579,Philentoma velata
580,Aegithina tiphia
581,Aegithina viridissima
582,Aegithina lafresnayei
583,Rhipidura perlata
584,Rhipidura javanica
585,Rhipidura albicollis
586,Rhipidura aureola
587,Dicrurus macrocercus
588,Dicrurus leucophaeus
589,Dicrurus annectans
590,Dicrurus aeneus
591,Dicrurus remifer
592,Dicrurus hottentottus
593,Dicrurus paradiseus
594,Hypothymis azurea
595,Terpsiphone atrocaudata
596,Terpsiphone incei
597,Terpsiphone affinis
598,Platylophus galericulatus
599,Lanius tigrinus
600,Lanius cristatus
601,Lanius collurioides
602,Lanius vittatus
603,Lanius schach
604,Lanius tephronotus
605,Platysmurus leucopterus
606,Garrulus glandarius
607,Urocissa erythrorhyncha
608,Cissa chinensis
609,Cissa hypoleuca
610,Dendrocitta vagabunda
611,Dendrocitta formosae
612,Crypsirina temia
613,Temnurus temnurus
614,Pica serica
615,Pica pica
616,Corvus splendens
617,Corvus frugilegus
618,Corvus macrorhynchos
619,Eupetes macrocerus
620,Chelidorhynx hypoxanthus
621,Culicicapa ceylonensis
622,Cephalopyrus flammiceps
623,Sylviparus modestus
624,Melanochlora sultanea
625,Parus cinereus
626,Parus minor
627,Machlolophus spilonotus
628,Mirafra javanica
629,Mirafra erythrocephala
630,Calandrella brachydactyla
631,Calandrella dukhunensis
632,Alauda gulgula
633,Orthotomus sutorius
634,Orthotomus atrogularis
635,Orthotomus ruficeps
636,Orthotomus sericeus
637,Prinia polychroa
638,Prinia superciliaris
639,Prinia rufescens
640,Prinia hodgsonii
641,Prinia flaviventris
642,Prinia inornata
643,Cisticola juncidis
644,Cisticola exilis
645,Arundinax aedon
646,Iduna caligata
647,Acrocephalus bistrigiceps
648,Acrocephalus agricola
649,Acrocephalus concinens
650,Acrocephalus  tangorum
651,Acrocephalus  dumetorum
652,Acrocephalus orinus
653,Acrocephalus orientalis
654,Acrocephalus stentoreus
655,Megalurus palustris
656,Locustella pryeri
657,Locustella certhiola
658,Locustella lanceolata
659,Locustella luteoventris
660,Locustella tacsanowskia
661,Locustella thoracica
662,Locustella mandelli
663,Locustella idonea
664,Pnoepyga pusilla
665,Pseudochelidon sirintarae
666,Riparia chinensis
667,Riparia riparia
668,Riparia diluta
669,Ptyonoprogne concolor
670,Hirundo rustica
671,Hirundo smithii
672,Hirundo tahitica
673,Cecropis daurica
674,Cecropis striolata
675,Cecropis badia
676,Delichon urbicum
677,Delichon dasypus
678,Delichon nipalensis
679,Brachypodius melanoleucos
680,Brachypodius eutilotus
681,Brachypodius atriceps
682,Rubigula erythropthalmos
683,Rubigula cyaniventris
684,Rubigula squamata
685,Rubigula flaviventris
686,Spizixos canifrons
687,Pycnonotus zeylanicus
688,Pycnonotus striatus
689,Pycnonotus cafer
690,Pycnonotus jocosus
691,Pycnonotus xanthorrhous
692,Pycnonotus sinensis
693,Pycnonotus aurigaster
694,Pycnonotus finlaysoni
695,Pycnonotus flavescens
696,Pycnonotus goiavier
697,Pycnonotus plumosus
698,Pycnonotus blanfordi
699,Pycnonotus conradi
700,Pycnonotus simplex
701,Pycnonotus brunneus
702,Tricholestes criniger
703,Alophoixus finschii
704,Alophoixus flaveolus
705,Alophoixus pallidus
706,Alophoixus ochraceus
707,Alophoixus bres
708,Alophoixus phaeocephalus
709,Iole crypta
710,Iole propinqua
711,Iole virescens
712,Hypsipetes leucocephalus
713,Hypsipetes thompsoni
714,Hemixos flavala
715,Hemixos cinereus
716,Hemixos castanonotus
717,Ixos mcclellandii
718,Ixos malaccensis
719,Phylloscopus maculipennis
720,Phylloscopus pulcher
721,Phylloscopus inornatus
722,Phylloscopus humei
723,Phylloscopus yunnanensis
724,Phylloscopus proregulus
725,Phylloscopus  forresti
726,Phylloscopus schwarzi
727,Phylloscopus armandii
728,Phylloscopus affinis
729,Phylloscopus fuscatus
730,Phylloscopus subaffinis
731,Phylloscopus  collybita
732,Phylloscopus coronatus
733,Phylloscopus poliogenys
734,Phylloscopus burkii
735,Phylloscopus tephrocephalus
736,Phylloscopus whistleri
737,Phylloscopus valentini
738,Phylloscopus  omeiensis
739,Phylloscopus soror
740,Phylloscopus trochiloides
741,Phylloscopus plumbeitarsus
742,Phylloscopus magnirostris
743,Phylloscopus tenellipes
744,Phylloscopus borealoides
745,Phylloscopus  xanthodryas
746,Phylloscopus borealis
747,Phylloscopus  examinandus
748,Phylloscopus castaniceps
749,Phylloscopus cantator
750,Phylloscopus ricketti
751,Phylloscopus reguloides
752,Phylloscopus  claudiae
753,Phylloscopus intensior
754,Phylloscopus ogilviegranti
755,Phylloscopus trivirgatus
756,Urosphena  pallidipes
757,Urosphena squameiceps
758,Tesia cyaniventer
759,Tesia olivea
760,Cettia major
761,Cettia  castaneocoronata
762,Abroscopus superciliaris
763,Abroscopus albogularis
764,Phyllergates cucullatus
765,Horornis canturians
766,Horornis vulcanius
767,Horornis flavolivaceus
768,Aegithalos concinnus
769,Chrysomma sinense
770,Psittiparus gularis
771,Psittiparus bakeri
772,Paradoxornis guttaticollis
773,Chleuasicus atrosuperciliaris
774,Suthola nipalensis
775,Neosuthora davidiana' 
776,Yuhina castaniceps
777,Yuhina torqueola
778,Yuhina flavicollis
779,Yuhina humilis
780,Zosterops erythropleurus
781,Zosterops palpebrosus
782,Zosterops auriventer
783,Zosterops simplex
784,Timalia pileata
785, Mixornis gularis
786,Macronous ptilosus
787,Cyanoderma chrysaeum
788,Cyanoderma erythropterum
789,Cyanoderma ambiguum
790,Cyanoderma rufifrons
791,Spelaeornis chocolatinus
792,Spelaeornis reptatus
793,Pomatorhinus ochraceiceps
794,Pomatorhinus ferruginosus
795,Pomatorhinus schisticeps
796,Pomatorhinus montanus
797,Megapomatorhinus hypoleucos
798,Megapomatorhinus erythrogenys
799,Stachyris nigricollis
800,Stachyris maculata
801,Stachyris nigriceps
802,Stachyris poliocephala
803,Stachyris leucotis
804,Stachyris striolata
805,Malacopteron magnirostre
806,Malacopteron affine
807,Malacopteron cinereum
808,Malacopteron magnum
809,Gampsorhynchus torquatus
810,Schoeniparus castaneceps
811,Schoeniparus rufogularis
812,Schoeniparus dubius
813,Pellorneum ruficeps
814,Pellorneum capistratum
815,Pellorneum albiventre
816,Pellorneum tickelli
817,Pellorneum malaccense
818,Pellorneum rostratum
819,Pellorneum bicolor
820,Kenopia striata
821,Napothera epilepidota
822,Turdinus abbotti
823,Turdinus sepiarius
824,Turdinus macrodactylus
825,Turdinus  crispifrons
826,Turdinus brevicaudatus
827,Graminicola striatus
828,Alcippe brunneicauda
829,Alcippe poioicephala
830,Alcippe fratercula
831,Alcippe peracensis
832,Alcippe grotei
833,Cutia nipalensis
834,Garrulax leucolophus
835,Garrulax monileger
836,Garrulax lugubris
837,Garrulax ferrarius
838,Garrulax strepitans
839,Garrulax merulinus
840,Ianthocincla pectoralis
841,Ianthocincla chinensis
842,Ianthocincla mitrata
843,Ianthocincla sannio
844,Trochalopteron melanostigma
845,Trochalopteron peninsulae
846,Trochalopteron milnei
847,Heterophasia melanoleuca
848,Heterophasia picaoides
849,Leiothrix argentauris
850,Minla annectens
851,Liocichla ripponi
852,Actinodura ramsayi
853,Actinodura cyanouroptera
854,Actinodura strigula
855,Tichodroma muraria
856,Sitta cinnamoventris
857,Sitta neglecta
858,Sitta nagaensis
859,Sitta frontalis
860,Sitta azurea
861,Sitta magna
862,Sitta formosa
863,Certhia manipurensis
864,Elachura formosa
865,Cinclus pallasii
866,Aplonis panayensis
867,Ampeliceps coronatus
868,Gracula religiosa
869,Sturnus vulgaris
870,Pastor roseus
871,Agropsar sturninus
872,Agropsar philippensis
873,Gracupica nigricollis
874,Gracupica contra
875,Sturnia sinensis
876,Sturnia pagodarum
877,Sturnia malabarica
878,Spodiopsar sericeus
879,Spodiopsar cineraceus
880,Acridotheres tristis
881,Acridotheres burmannicus
882,Acridotheres fuscus
883,Acridotheres javanicus
884,Acridotheres grandis
885,Acridotheres cristatellus
886,Saroglossa spilopterus
887,Zoothera dixoni
888,Zoothera  salimalii
889,Zoothera marginata
890,Zoothera aurea
891,Zoothera dauma
892,Cochoa purpurea
893,Cochoa viridis
894,Geokichla sibirica
895,Geokichla interpres
896,Geokichla citrina
897,Turdus mandarinus
898,Turdus boulboul
899,Turdus cardis
900,Turdus dissimilis
901,Turdus feae
902,Turdus obscurus
903,Turdus rubrocanus
904,Turdus atrogularis
905,Turdus ruficollis
906,Turdus eunomus
907,Turdus naumanni
908,Muscicapa sibirica
909,Muscicapa ferruginea
910,Muscicapa dauurica
911,Muscicapa muttui
912,Muscicapa williamsoni
913,Copsychus saularis
914,Copsychus pyrropygus
915,Copsychus malabaricus
916,Anthipes monileger
917,Anthipes solitaris
918,Cyornis concretus
919,Cyornis hainanus
920,Cyornis unicolor
921,Cyornis rubeculoides
922,Cyornis glaucicomans
923,Cyornis magnirostris
924,Cyornis banyumas
925,Cyornis turcosus
926,Cyornis sumatrensis
927,Cyornis rufigastra
928,Cyornis brunneatus
929,Cyornis umbratilis
930,Cyornis olivaceus
931,Niltava grandis
932,Niltava macgrigoriae
933,Niltava davidi
934,Niltava sundara
935,Niltava vivida
936,Cyanoptila cyanomelana
937,Cyanoptila cumatilis
938,Eumyias thalassinus
939,Brachypteryx leucophrys
940,Brachypteryx cruralis
941,Larvivora sibilans
942,Larvivora akahige
943,Larvivora cyane
944,Luscinia phaenicuroides
945,Luscinia svecica
946,Myophonus caeruleus
947,Enicurus leschenaulti
948,Enicurus ruficapillus
949,Enicurus immaculatus
950,Enicurus schistaceus
951,Calliope pectardens
952,Calliope obscura
953,Calliope calliope
954,Calliope tschebaiewi
955,Myiomela leucura
956,Cinclidium frontale
957,Tarsiger cyanurus
958,Tarsiger rufilatus
959,Tarsiger chrysaeus
960,Ficedula zanthopygia
961,Ficedula elisae
962,Ficedula narcissina
963,Ficedula mugimaki
964,Ficedula erithacus
965,Ficedula tricolor
966,Ficedula hyperythra
967,Ficedula hodgsoni
968,Ficedula strophiata
969,Ficedula sapphira
970,Ficedula westermanni
971,Ficedula superciliaris
972,Ficedula albicilla
973,Ficedula parva
974,Ficedula dumetoria
975,Phoenicurus frontalis
976,Phoenicurus fuliginosus
977,Phoenicurus leucocephalus
978,Phoenicurus ochruros
979,Phoenicurus auroreus
980,Monticola rufiventris
981,Monticola gularis
982,Monticola solitarius
983,Saxicola maurus
984,Saxicola caprata
985,Saxicola jerdoni
986,Saxicola ferreus
987,Oenanthe isabellina
988,Oenanthe deserti
989,Prionochilus maculatus
990,Prionochilus percussus
991,Prionochilus thoracicus
992,Dicaeum agile
993,Dicaeum chrysorrheum
994,Dicaeum melanoxanthum
995,Dicaeum trigonostigma
996,Dicaeum minullum
997,Dicaeum ignipectus
998,Dicaeum cruentatum
999,Chalcoparia singalensis
1000,Anthreptes simplex
1001,Anthreptes malacensis
1002,Anthreptes rhodolaemus
1003,Leptocoma brasiliana
1004,Leptocoma calcostetha
1005,Cinnyris asiaticus
1006,Cinnyris jugularis
1007,Aethopyga ignicauda
1008,Aethopyga saturata
1009,Aethopyga gouldiae
1010,Aethopyga nipalensis
1011,Aethopyga temminckii
1012,Aethopyga siparaja
1013,Kurochkinegramma hypogrammicum
1014,Arachnothera crassirostris
1015,Arachnothera robusta
1016,Arachnothera longirostra
1017,Arachnothera chrysogenys
1018,Arachnothera flavigaster
1019,Arachnothera magna
1020,Arachnothera modesta
1021,Irena puella
1022,Chloropsis sonnerati
1023,Chloropsis cyanopogon
1024,Chloropsis cochinchinensis
1025,Chloropsis aurifrons
1026,Chloropsis hardwickii
1027,Ploceus manyar
1028,Ploceus philippinus
1029,Ploceus hypoxanthus
1030,Amandava amandava
1031,Erythrura prasina
1032,Lonchura striata
1033,Lonchura punctulata
1034,Lonchura leucogastra
1035,Lonchura atricapilla
1036,Lonchura maja
1037,Lonchura oryzivora
1038,Passer domesticus
1039,Passer cinnamomeus
1040,Passer flaveolus
1041,Passer montanus
1042,Dendronanthus indicus
1043,Motacilla cinerea
1044,Motacilla flava
1045,Motacilla tschutschensis
1046,Motacilla citreola
1047,Motacilla samveasnae
1048,Motacilla alba
1049,Anthus richardi
1050,Anthus rufulus
1051,Anthus godlewskii
1052,Anthus roseatus
1053,Anthus hodgsoni
1054,Anthus cervinus
1055,Anthus rubescens
1056,Fringilla coelebs
1057,Fringilla montifringilla
1058,Mycerobas affinis
1059,Mycerobas melanozanthos
1060,Eophona migratoria
1061,Carpodacus erythrinus
1062,Carpodacus sipahi
1063,Procarduelis nipalensis
1064,Chloris ambigua
1065,Emberiza lathami
1066,Emberiza melanocephala
1067,Emberiza bruniceps
1068,Emberiza fucata
1069,Emberiza leucocephalos
1070,Emberiza buchanani
1071,Emberiza aureola
1072,Emberiza pusilla
1073,Emberiza spodocephala
1074,Emberiza rutila
1075,Emberiza tristrami
